554c178c-2109-566c-84a7-4a6f5d7bc3e4	{}	{}	{"submitter_id":"workflow_parameters_description_94d7d20a59","type":"workflow_parameters_description","project_id":"htan-simulated","updated_datetime":"2021-09-18T17:10:42.401132","created_datetime":"2021-09-18T17:10:42.401132"}
daa6b930-af5e-5e35-8765-2ce5fc360944	{}	{}	{"submitter_id":"workflow_parameters_description_aea6dce34d","type":"workflow_parameters_description","project_id":"htan-simulated","updated_datetime":"2021-09-18T17:10:42.401212","created_datetime":"2021-09-18T17:10:42.401212"}
40430aa4-f5c3-5b14-8c90-8e6ec485c3ae	{}	{}	{"submitter_id":"workflow_parameters_description_81630be42a","type":"workflow_parameters_description","project_id":"htan-simulated","updated_datetime":"2021-09-18T17:10:42.401287","created_datetime":"2021-09-18T17:10:42.401287"}
6128209e-5e63-5de0-b27b-86085ff1dac4	{}	{}	{"submitter_id":"workflow_parameters_description_3135b0196b","type":"workflow_parameters_description","project_id":"htan-simulated","updated_datetime":"2021-09-18T17:10:42.401361","created_datetime":"2021-09-18T17:10:42.401361"}
18b8bef3-a078-5beb-8baf-f0440cbee425	{}	{}	{"submitter_id":"workflow_parameters_description_0e4916f08b","type":"workflow_parameters_description","project_id":"htan-simulated","updated_datetime":"2021-09-18T17:10:42.401435","created_datetime":"2021-09-18T17:10:42.401435"}
79de61f2-01b5-595f-bb22-8d056f0c512f	{}	{}	{"submitter_id":"workflow_parameters_description_fe367ed499","type":"workflow_parameters_description","project_id":"htan-simulated","updated_datetime":"2021-09-18T17:10:42.401522","created_datetime":"2021-09-18T17:10:42.401522"}
aa3d75fb-ddf2-5674-b9bb-eb752c3780ec	{}	{}	{"submitter_id":"workflow_parameters_description_b78b15db71","type":"workflow_parameters_description","project_id":"htan-simulated","updated_datetime":"2021-09-18T17:10:42.401598","created_datetime":"2021-09-18T17:10:42.401598"}
e11821a5-3a42-5555-a6ad-aa2a30dbeaed	{}	{}	{"submitter_id":"workflow_parameters_description_de54384b44","type":"workflow_parameters_description","project_id":"htan-simulated","updated_datetime":"2021-09-18T17:10:42.401720","created_datetime":"2021-09-18T17:10:42.401720"}
e6a50c9d-6ce2-56e3-be3c-577be5ab80b2	{}	{}	{"submitter_id":"workflow_parameters_description_08fd6f2bf3","type":"workflow_parameters_description","project_id":"htan-simulated","updated_datetime":"2021-09-18T17:10:42.401808","created_datetime":"2021-09-18T17:10:42.401808"}
0b3906c2-35a1-5171-ad5d-feff7a23e0d1	{}	{}	{"submitter_id":"workflow_parameters_description_08c6887b02","type":"workflow_parameters_description","project_id":"htan-simulated","updated_datetime":"2021-09-18T17:10:42.401895","created_datetime":"2021-09-18T17:10:42.401895"}
