117abb39-d75d-50a6-9710-2a1a5942a753	{}	{}	{"submitter_id":"workflow_type_2cc6bd2f5c","type":"workflow_type","project_id":"htan-simulated","updated_datetime":"2021-09-18T17:10:42.402375","created_datetime":"2021-09-18T17:10:42.402375"}
200212d0-27c1-5480-b020-adaebf64bdab	{}	{}	{"submitter_id":"workflow_type_95143f3df4","type":"workflow_type","project_id":"htan-simulated","updated_datetime":"2021-09-18T17:10:42.402453","created_datetime":"2021-09-18T17:10:42.402453"}
8afbc175-92a5-5f25-81b8-ccd8740bdd0a	{}	{}	{"submitter_id":"workflow_type_76e9d982ed","type":"workflow_type","project_id":"htan-simulated","updated_datetime":"2021-09-18T17:10:42.402540","created_datetime":"2021-09-18T17:10:42.402540"}
ec0ce690-3ca9-597b-9905-2c0a33cd07bb	{}	{}	{"submitter_id":"workflow_type_4834d29889","type":"workflow_type","project_id":"htan-simulated","updated_datetime":"2021-09-18T17:10:42.402614","created_datetime":"2021-09-18T17:10:42.402614"}
b0d21844-6307-5a45-b335-8d325eeb6700	{}	{}	{"submitter_id":"workflow_type_dc99a6eec6","type":"workflow_type","project_id":"htan-simulated","updated_datetime":"2021-09-18T17:10:42.402688","created_datetime":"2021-09-18T17:10:42.402688"}
8bc4b65c-ffe7-526d-b89f-0834cd2657c5	{}	{}	{"submitter_id":"workflow_type_6cef43b4d6","type":"workflow_type","project_id":"htan-simulated","updated_datetime":"2021-09-18T17:10:42.402775","created_datetime":"2021-09-18T17:10:42.402775"}
2b382b1a-75a9-5e80-bc5e-22cfdc096e69	{}	{}	{"submitter_id":"workflow_type_8a59be19a7","type":"workflow_type","project_id":"htan-simulated","updated_datetime":"2021-09-18T17:10:42.402850","created_datetime":"2021-09-18T17:10:42.402850"}
cbc0b5bf-6162-50dd-94b1-0e2a9c7c8b24	{}	{}	{"submitter_id":"workflow_type_76fe94d9f4","type":"workflow_type","project_id":"htan-simulated","updated_datetime":"2021-09-18T17:10:42.402926","created_datetime":"2021-09-18T17:10:42.402926"}
8a1ca548-2932-5da2-b4c0-ed26e1aad4ae	{}	{}	{"submitter_id":"workflow_type_49295a7847","type":"workflow_type","project_id":"htan-simulated","updated_datetime":"2021-09-18T17:10:42.403001","created_datetime":"2021-09-18T17:10:42.403001"}
7e55d2e6-6531-5a21-bcc4-abe706ec040b	{}	{}	{"submitter_id":"workflow_type_79cc5e2dea","type":"workflow_type","project_id":"htan-simulated","updated_datetime":"2021-09-18T17:10:42.403089","created_datetime":"2021-09-18T17:10:42.403089"}
